excel_row,code,severity,detail
2127,MISSING_NO_SAP,CRITICAL,NO SAP kosong
41,DUPLICATE_VENDOR_NAME,MEDIUM,Nama Rekanan muncul 3 kali: ADHIMIX RMC INDONESIA
42,DUPLICATE_VENDOR_NAME,MEDIUM,Nama Rekanan muncul 3 kali: ADHIMIX RMC INDONESIA
43,DUPLICATE_VENDOR_NAME,MEDIUM,Nama Rekanan muncul 3 kali: ADHIMIX RMC INDONESIA
45,DUPLICATE_VENDOR_NAME,MEDIUM,Nama Rekanan muncul 2 kali: ADI GEOTAMA KONSTRUKSINDO
46,DUPLICATE_VENDOR_NAME,MEDIUM,Nama Rekanan muncul 2 kali: ADI GEOTAMA KONSTRUKSINDO
75,DUPLICATE_VENDOR_NAME,MEDIUM,Nama Rekanan muncul 2 kali: AGUS
80,DUPLICATE_VENDOR_NAME,MEDIUM,Nama Rekanan muncul 2 kali: AGUS SANTOSO
81,DUPLICATE_VENDOR_NAME,MEDIUM,Nama Rekanan muncul 2 kali: AGUS SANTOSO
88,DUPLICATE_VENDOR_NAME,MEDIUM,Nama Rekanan muncul 2 kali: AGUSTAMIN
89,DUPLICATE_VENDOR_NAME,MEDIUM,Nama Rekanan muncul 2 kali: AGUSTAMIN
91,DUPLICATE_VENDOR_NAME,MEDIUM,Nama Rekanan muncul 2 kali: AHLI BANGUN INDOTEKNIK
92,DUPLICATE_VENDOR_NAME,MEDIUM,Nama Rekanan muncul 2 kali: AHLI BANGUN INDOTEKNIK
130,DUPLICATE_VENDOR_NAME,MEDIUM,Nama Rekanan muncul 2 kali: ALI MURTADHO
131,DUPLICATE_VENDOR_NAME,MEDIUM,Nama Rekanan muncul 2 kali: ALI MURTADHO
139,DUPLICATE_VENDOR_NAME,MEDIUM,Nama Rekanan muncul 2 kali: ALOY WELAKEKA KONTRAKTOR
140,DUPLICATE_VENDOR_NAME,MEDIUM,Nama Rekanan muncul 2 kali: ALOY WELAKEKA KONTRAKTOR
181,DUPLICATE_VENDOR_NAME,MEDIUM,Nama Rekanan muncul 2 kali: ANIGOS JAYA PERKASA
182,DUPLICATE_VENDOR_NAME,MEDIUM,Nama Rekanan muncul 2 kali: ANIGOS JAYA PERKASA
190,DUPLICATE_VENDOR_NAME,MEDIUM,Nama Rekanan muncul 2 kali: ANUGERAH JAYA ABADI
191,DUPLICATE_VENDOR_NAME,MEDIUM,Nama Rekanan muncul 2 kali: ANUGERAH JAYA ABADI
201,DUPLICATE_VENDOR_NAME,MEDIUM,Nama Rekanan muncul 2 kali: ANUGRAH
202,DUPLICATE_VENDOR_NAME,MEDIUM,Nama Rekanan muncul 2 kali: ANUGRAH
206,DUPLICATE_VENDOR_NAME,MEDIUM,Nama Rekanan muncul 2 kali: APLUGADA MANDIRI PERKASA
207,DUPLICATE_VENDOR_NAME,MEDIUM,Nama Rekanan muncul 2 kali: APLUGADA MANDIRI PERKASA
213,DUPLICATE_VENDOR_NAME,MEDIUM,Nama Rekanan muncul 2 kali: ARDIANSYAH
214,DUPLICATE_VENDOR_NAME,MEDIUM,Nama Rekanan muncul 2 kali: ARDIANSYAH
215,DUPLICATE_VENDOR_NAME,MEDIUM,Nama Rekanan muncul 2 kali: ARDIKA PUTRA PERSADA
216,DUPLICATE_VENDOR_NAME,MEDIUM,Nama Rekanan muncul 2 kali: ARDIKA PUTRA PERSADA
235,DUPLICATE_VENDOR_NAME,MEDIUM,Nama Rekanan muncul 2 kali: BUDI
251,DUPLICATE_VENDOR_NAME,MEDIUM,Nama Rekanan muncul 2 kali: ARTHALAUT BUMIJASA
252,DUPLICATE_VENDOR_NAME,MEDIUM,Nama Rekanan muncul 2 kali: ARTHALAUT BUMIJASA
261,DUPLICATE_VENDOR_NAME,MEDIUM,Nama Rekanan muncul 2 kali: ASAHI FIBREGLASS
262,DUPLICATE_VENDOR_NAME,MEDIUM,Nama Rekanan muncul 2 kali: ASAHI FIBREGLASS
268,DUPLICATE_VENDOR_NAME,MEDIUM,Nama Rekanan muncul 2 kali: ASRI KARYA LESTARI
269,DUPLICATE_VENDOR_NAME,MEDIUM,Nama Rekanan muncul 2 kali: ASRI KARYA LESTARI
283,DUPLICATE_VENDOR_NAME,MEDIUM,Nama Rekanan muncul 2 kali: ATLAS COPCO INDONESIA
284,DUPLICATE_VENDOR_NAME,MEDIUM,Nama Rekanan muncul 2 kali: ATLAS COPCO INDONESIA
308,DUPLICATE_VENDOR_NAME,MEDIUM,Nama Rekanan muncul 2 kali: BAKRIE METAL INDUSTRIES
309,DUPLICATE_VENDOR_NAME,MEDIUM,Nama Rekanan muncul 2 kali: BAKRIE METAL INDUSTRIES
312,DUPLICATE_VENDOR_NAME,MEDIUM,Nama Rekanan muncul 2 kali: BALIKPAPAN READY MIX PILE
313,DUPLICATE_VENDOR_NAME,MEDIUM,Nama Rekanan muncul 2 kali: BALIKPAPAN READY MIX PILE
319,DUPLICATE_VENDOR_NAME,MEDIUM,Nama Rekanan muncul 2 kali: BANGKIT ADIO SAKATO
320,DUPLICATE_VENDOR_NAME,MEDIUM,Nama Rekanan muncul 2 kali: BANGKIT ADIO SAKATO
336,DUPLICATE_VENDOR_NAME,MEDIUM,Nama Rekanan muncul 3 kali: BASKARA PRIMA SARANA
337,DUPLICATE_VENDOR_NAME,MEDIUM,Nama Rekanan muncul 3 kali: BASKARA PRIMA SARANA
338,DUPLICATE_VENDOR_NAME,MEDIUM,Nama Rekanan muncul 3 kali: BASKARA PRIMA SARANA
340,DUPLICATE_VENDOR_NAME,MEDIUM,Nama Rekanan muncul 2 kali: BATUGANA JAYA MANDIRI
341,DUPLICATE_VENDOR_NAME,MEDIUM,Nama Rekanan muncul 2 kali: BATUGANA JAYA MANDIRI
359,DUPLICATE_VENDOR_NAME,MEDIUM,Nama Rekanan muncul 2 kali: BERKAT JAYA BETON
360,DUPLICATE_VENDOR_NAME,MEDIUM,Nama Rekanan muncul 2 kali: BERKAT JAYA BETON
372,DUPLICATE_VENDOR_NAME,MEDIUM,Nama Rekanan muncul 2 kali: BETON ELEMENINDO PERKASA
403,DUPLICATE_VENDOR_NAME,MEDIUM,Nama Rekanan muncul 2 kali: BIRO KLASIFIKASI INDONESIA (PE
404,DUPLICATE_VENDOR_NAME,MEDIUM,Nama Rekanan muncul 2 kali: BIRO KLASIFIKASI INDONESIA (PE
417,DUPLICATE_VENDOR_NAME,MEDIUM,Nama Rekanan muncul 2 kali: BSI GROUP INDONESIA
418,DUPLICATE_VENDOR_NAME,MEDIUM,Nama Rekanan muncul 2 kali: BSI GROUP INDONESIA
423,DUPLICATE_VENDOR_NAME,MEDIUM,Nama Rekanan muncul 2 kali: BUDI
436,DUPLICATE_VENDOR_NAME,MEDIUM,Nama Rekanan muncul 2 kali: BUMI PRIMA KONSTRUKSI
437,DUPLICATE_VENDOR_NAME,MEDIUM,Nama Rekanan muncul 2 kali: BUMI PRIMA KONSTRUKSI
466,DUPLICATE_VENDOR_NAME,MEDIUM,Nama Rekanan muncul 2 kali: HERMAN
474,DUPLICATE_VENDOR_NAME,MEDIUM,Nama Rekanan muncul 2 kali: CEMINDO GEMILANG
475,DUPLICATE_VENDOR_NAME,MEDIUM,Nama Rekanan muncul 2 kali: CEMINDO GEMILANG
478,DUPLICATE_VENDOR_NAME,MEDIUM,Nama Rekanan muncul 2 kali: CENTRAL INOVASI DIGITAL
479,DUPLICATE_VENDOR_NAME,MEDIUM,Nama Rekanan muncul 2 kali: CENTRAL INOVASI DIGITAL
507,DUPLICATE_VENDOR_NAME,MEDIUM,Nama Rekanan muncul 2 kali: CITAS OTIS ELEVATOR
508,DUPLICATE_VENDOR_NAME,MEDIUM,Nama Rekanan muncul 2 kali: CITAS OTIS ELEVATOR
518,DUPLICATE_VENDOR_NAME,MEDIUM,Nama Rekanan muncul 2 kali: CITRA SOKRASANA INTI
519,DUPLICATE_VENDOR_NAME,MEDIUM,Nama Rekanan muncul 2 kali: CITRA SOKRASANA INTI
598,DUPLICATE_VENDOR_NAME,MEDIUM,Nama Rekanan muncul 2 kali: DAN LAW OFFICE
599,DUPLICATE_VENDOR_NAME,MEDIUM,Nama Rekanan muncul 2 kali: DAN LAW OFFICE
645,DUPLICATE_VENDOR_NAME,MEDIUM,Nama Rekanan muncul 2 kali: DEVY MEYDITA SARI
646,DUPLICATE_VENDOR_NAME,MEDIUM,Nama Rekanan muncul 2 kali: DEVY MEYDITA SARI
657,DUPLICATE_VENDOR_NAME,MEDIUM,Nama Rekanan muncul 2 kali: DIDIK SETIAWAN
658,DUPLICATE_VENDOR_NAME,MEDIUM,Nama Rekanan muncul 2 kali: DIDIK SETIAWAN
667,DUPLICATE_VENDOR_NAME,MEDIUM,Nama Rekanan muncul 2 kali: DINAR ENERGI UTAMA
668,DUPLICATE_VENDOR_NAME,MEDIUM,Nama Rekanan muncul 2 kali: DINAR ENERGI UTAMA
670,DUPLICATE_VENDOR_NAME,MEDIUM,Nama Rekanan muncul 2 kali: DJITO
671,DUPLICATE_VENDOR_NAME,MEDIUM,Nama Rekanan muncul 2 kali: DJITO
787,DUPLICATE_VENDOR_NAME,MEDIUM,Nama Rekanan muncul 2 kali: FARRASINDO PERKASA
847,DUPLICATE_VENDOR_NAME,MEDIUM,Nama Rekanan muncul 2 kali: GEO STRUKTUR INDONUSA
848,DUPLICATE_VENDOR_NAME,MEDIUM,Nama Rekanan muncul 2 kali: GEO STRUKTUR INDONUSA
855,DUPLICATE_VENDOR_NAME,MEDIUM,Nama Rekanan muncul 3 kali: GEOTECH EFATHAMA
856,DUPLICATE_VENDOR_NAME,MEDIUM,Nama Rekanan muncul 3 kali: GEOTECH EFATHAMA
868,DUPLICATE_VENDOR_NAME,MEDIUM,Nama Rekanan muncul 2 kali: GLOBAL ENERGI GEMILANG
869,DUPLICATE_VENDOR_NAME,MEDIUM,Nama Rekanan muncul 2 kali: GLOBAL ENERGI GEMILANG
971,DUPLICATE_VENDOR_NAME,MEDIUM,Nama Rekanan muncul 2 kali: HERMAN
972,DUPLICATE_VENDOR_NAME,MEDIUM,Nama Rekanan muncul 2 kali: HERMANSYAH
1010,DUPLICATE_VENDOR_NAME,MEDIUM,Nama Rekanan muncul 2 kali: ILHAM
1011,DUPLICATE_VENDOR_NAME,MEDIUM,Nama Rekanan muncul 2 kali: ILHAM
1013,DUPLICATE_VENDOR_NAME,MEDIUM,Nama Rekanan muncul 2 kali: IMAM
1014,DUPLICATE_VENDOR_NAME,MEDIUM,Nama Rekanan muncul 2 kali: IMAM
1024,DUPLICATE_VENDOR_NAME,MEDIUM,Nama Rekanan muncul 2 kali: INCOMINDO MURNI JAYA
1025,DUPLICATE_VENDOR_NAME,MEDIUM,Nama Rekanan muncul 2 kali: INCOMINDO MURNI JAYA
1061,DUPLICATE_VENDOR_NAME,MEDIUM,Nama Rekanan muncul 2 kali: INNOTEK MEGAH INDONESIA
1062,DUPLICATE_VENDOR_NAME,MEDIUM,Nama Rekanan muncul 2 kali: INNOTEK MEGAH INDONESIA
1088,DUPLICATE_VENDOR_NAME,MEDIUM,Nama Rekanan muncul 3 kali: SARJONO
1123,DUPLICATE_VENDOR_NAME,MEDIUM,Nama Rekanan muncul 3 kali: JAYA ABADI
1124,DUPLICATE_VENDOR_NAME,MEDIUM,Nama Rekanan muncul 3 kali: JAYA ABADI
1125,DUPLICATE_VENDOR_NAME,MEDIUM,Nama Rekanan muncul 3 kali: JAYA ABADI
1165,DUPLICATE_VENDOR_NAME,MEDIUM,Nama Rekanan muncul 2 kali: SISWANTO
1207,DUPLICATE_VENDOR_NAME,MEDIUM,Nama Rekanan muncul 2 kali: KARYA MAJU BERSAMA
1208,DUPLICATE_VENDOR_NAME,MEDIUM,Nama Rekanan muncul 2 kali: KARYA MAJU BERSAMA
1301,DUPLICATE_VENDOR_NAME,MEDIUM,Nama Rekanan muncul 2 kali: KUSWANTO
1302,DUPLICATE_VENDOR_NAME,MEDIUM,Nama Rekanan muncul 2 kali: KUSWANTO
1313,DUPLICATE_VENDOR_NAME,MEDIUM,Nama Rekanan muncul 3 kali: LANCARJAYA MANDIRI ABADI
1314,DUPLICATE_VENDOR_NAME,MEDIUM,Nama Rekanan muncul 3 kali: LANCARJAYA MANDIRI ABADI
1315,DUPLICATE_VENDOR_NAME,MEDIUM,Nama Rekanan muncul 3 kali: LANCARJAYA MANDIRI ABADI
1323,DUPLICATE_VENDOR_NAME,MEDIUM,Nama Rekanan muncul 2 kali: LATIF HIDAYA
1324,DUPLICATE_VENDOR_NAME,MEDIUM,Nama Rekanan muncul 2 kali: LATIF HIDAYA
1330,DUPLICATE_VENDOR_NAME,MEDIUM,Nama Rekanan muncul 2 kali: SULAIMAN
1335,DUPLICATE_VENDOR_NAME,MEDIUM,Nama Rekanan muncul 3 kali: LEMBAGA PENGEMBANGAN PERBANKAN
1336,DUPLICATE_VENDOR_NAME,MEDIUM,Nama Rekanan muncul 3 kali: LEMBAGA PENGEMBANGAN PERBANKAN
1337,DUPLICATE_VENDOR_NAME,MEDIUM,Nama Rekanan muncul 3 kali: LEMBAGA PENGEMBANGAN PERBANKAN
1390,DUPLICATE_VENDOR_NAME,MEDIUM,Nama Rekanan muncul 2 kali: MAAMUN MUBAROK
1391,DUPLICATE_VENDOR_NAME,MEDIUM,Nama Rekanan muncul 2 kali: MAAMUN MUBAROK
1407,DUPLICATE_VENDOR_NAME,MEDIUM,Nama Rekanan muncul 2 kali: MAJU LANGGENG MANDIRI
1408,DUPLICATE_VENDOR_NAME,MEDIUM,Nama Rekanan muncul 2 kali: MAJU LANGGENG MANDIRI
1414,DUPLICATE_VENDOR_NAME,MEDIUM,Nama Rekanan muncul 2 kali: MALVIN
1415,DUPLICATE_VENDOR_NAME,MEDIUM,Nama Rekanan muncul 2 kali: MALVIN
1426,DUPLICATE_VENDOR_NAME,MEDIUM,Nama Rekanan muncul 3 kali: SUYATNO
1437,DUPLICATE_VENDOR_NAME,MEDIUM,Nama Rekanan muncul 2 kali: MARYONO
1438,DUPLICATE_VENDOR_NAME,MEDIUM,Nama Rekanan muncul 2 kali: MARYONO
1439,DUPLICATE_VENDOR_NAME,MEDIUM,Nama Rekanan muncul 2 kali: MASHUDI
1440,DUPLICATE_VENDOR_NAME,MEDIUM,Nama Rekanan muncul 2 kali: MASHUDI
1473,DUPLICATE_VENDOR_NAME,MEDIUM,Nama Rekanan muncul 2 kali: MENARA STUDIO
1474,DUPLICATE_VENDOR_NAME,MEDIUM,Nama Rekanan muncul 2 kali: MENARA STUDIO
1476,DUPLICATE_VENDOR_NAME,MEDIUM,Nama Rekanan muncul 2 kali: MERAHE INTI ALAM PERKASA
1477,DUPLICATE_VENDOR_NAME,MEDIUM,Nama Rekanan muncul 2 kali: MERAHE INTI ALAM PERKASA
1535,DUPLICATE_VENDOR_NAME,MEDIUM,Nama Rekanan muncul 2 kali: MOHAMAD ALANSYAHRONI
1536,DUPLICATE_VENDOR_NAME,MEDIUM,Nama Rekanan muncul 2 kali: MOHAMAD ALANSYAHRONI
1573,DUPLICATE_VENDOR_NAME,MEDIUM,Nama Rekanan muncul 2 kali: MUHAMMAD RIFAI
1578,DUPLICATE_VENDOR_NAME,MEDIUM,Nama Rekanan muncul 2 kali: MUHAMMAD YUSUF
1579,DUPLICATE_VENDOR_NAME,MEDIUM,Nama Rekanan muncul 2 kali: MUHAMMAD YUSUF
1582,DUPLICATE_VENDOR_NAME,MEDIUM,Nama Rekanan muncul 3 kali: MUJIYONO
1583,DUPLICATE_VENDOR_NAME,MEDIUM,Nama Rekanan muncul 3 kali: MUJIYONO
1584,DUPLICATE_VENDOR_NAME,MEDIUM,Nama Rekanan muncul 3 kali: MUJIYONO
1605,DUPLICATE_VENDOR_NAME,MEDIUM,Nama Rekanan muncul 2 kali: MUSLIM
1621,DUPLICATE_VENDOR_NAME,MEDIUM,Nama Rekanan muncul 2 kali: NARA JAYA ABADI
1622,DUPLICATE_VENDOR_NAME,MEDIUM,Nama Rekanan muncul 2 kali: NARA JAYA ABADI
1633,DUPLICATE_VENDOR_NAME,MEDIUM,Nama Rekanan muncul 2 kali: AGUS
1656,DUPLICATE_VENDOR_NAME,MEDIUM,Nama Rekanan muncul 2 kali: NUR MAIDI
1657,DUPLICATE_VENDOR_NAME,MEDIUM,Nama Rekanan muncul 2 kali: NUR MAIDI
1661,DUPLICATE_VENDOR_NAME,MEDIUM,Nama Rekanan muncul 2 kali: NURDIN SOFAN
1662,DUPLICATE_VENDOR_NAME,MEDIUM,Nama Rekanan muncul 2 kali: NURDIN SOFAN
1793,DUPLICATE_VENDOR_NAME,MEDIUM,Nama Rekanan muncul 2 kali: PRIMA SHINA CAHAYA
1794,DUPLICATE_VENDOR_NAME,MEDIUM,Nama Rekanan muncul 2 kali: PRIMA SHINA CAHAYA
1859,DUPLICATE_VENDOR_NAME,MEDIUM,Nama Rekanan muncul 2 kali: PT KWARTAPUTRA SENTRA SINDO
1860,DUPLICATE_VENDOR_NAME,MEDIUM,Nama Rekanan muncul 2 kali: PT KWARTAPUTRA SENTRA SINDO
1922,DUPLICATE_VENDOR_NAME,MEDIUM,Nama Rekanan muncul 2 kali: PT. ADYATMA BERKAH LESTARI
1923,DUPLICATE_VENDOR_NAME,MEDIUM,Nama Rekanan muncul 2 kali: PT. ADYATMA BERKAH LESTARI
1926,DUPLICATE_VENDOR_NAME,MEDIUM,Nama Rekanan muncul 2 kali: PT. ALTA AGUNG TEKNIK
1927,DUPLICATE_VENDOR_NAME,MEDIUM,Nama Rekanan muncul 2 kali: PT. ALTA AGUNG TEKNIK
2028,DUPLICATE_VENDOR_NAME,MEDIUM,Nama Rekanan muncul 2 kali: PT. TALINDO CITRA PRATAMA
2029,DUPLICATE_VENDOR_NAME,MEDIUM,Nama Rekanan muncul 2 kali: PT. TALINDO CITRA PRATAMA
2052,DUPLICATE_VENDOR_NAME,MEDIUM,Nama Rekanan muncul 2 kali: FARRASINDO PERKASA
2056,DUPLICATE_VENDOR_NAME,MEDIUM,Nama Rekanan muncul 2 kali: PUJA PERKASA
2057,DUPLICATE_VENDOR_NAME,MEDIUM,Nama Rekanan muncul 2 kali: PUJA PERKASA
2064,DUPLICATE_VENDOR_NAME,MEDIUM,Nama Rekanan muncul 3 kali: GEOTECH EFATHAMA
2079,DUPLICATE_VENDOR_NAME,MEDIUM,Nama Rekanan muncul 2 kali: PUTRA NIATU YANDANA
2080,DUPLICATE_VENDOR_NAME,MEDIUM,Nama Rekanan muncul 2 kali: PUTRA NIATU YANDANA
2103,DUPLICATE_VENDOR_NAME,MEDIUM,Nama Rekanan muncul 2 kali: HERMANSYAH
2126,DUPLICATE_VENDOR_NAME,MEDIUM,Nama Rekanan muncul 2 kali: REKA ALAMINDO UTAMA
2127,DUPLICATE_VENDOR_NAME,MEDIUM,Nama Rekanan muncul 2 kali: REKA ALAMINDO UTAMA
2140,DUPLICATE_VENDOR_NAME,MEDIUM,Nama Rekanan muncul 2 kali: RICKY FEBRIANTO
2141,DUPLICATE_VENDOR_NAME,MEDIUM,Nama Rekanan muncul 2 kali: RICKY FEBRIANTO
2163,DUPLICATE_VENDOR_NAME,MEDIUM,Nama Rekanan muncul 2 kali: ROESLINA PONDASI INDONESIA
2164,DUPLICATE_VENDOR_NAME,MEDIUM,Nama Rekanan muncul 2 kali: ROESLINA PONDASI INDONESIA
2182,DUPLICATE_VENDOR_NAME,MEDIUM,Nama Rekanan muncul 2 kali: RUSDI
2223,DUPLICATE_VENDOR_NAME,MEDIUM,Nama Rekanan muncul 2 kali: SANDI MULYA MANDIRI
2224,DUPLICATE_VENDOR_NAME,MEDIUM,Nama Rekanan muncul 2 kali: SANDI MULYA MANDIRI
2231,DUPLICATE_VENDOR_NAME,MEDIUM,Nama Rekanan muncul 2 kali: MUSLIM
2259,DUPLICATE_VENDOR_NAME,MEDIUM,Nama Rekanan muncul 3 kali: SARJONO
2260,DUPLICATE_VENDOR_NAME,MEDIUM,Nama Rekanan muncul 3 kali: SARJONO
2261,DUPLICATE_VENDOR_NAME,MEDIUM,Nama Rekanan muncul 3 kali: SARJONO TS
2262,DUPLICATE_VENDOR_NAME,MEDIUM,Nama Rekanan muncul 3 kali: SARJONO TS
2263,DUPLICATE_VENDOR_NAME,MEDIUM,Nama Rekanan muncul 3 kali: SARJONO TS
2288,DUPLICATE_VENDOR_NAME,MEDIUM,Nama Rekanan muncul 2 kali: SEMEN INDOGREEN SENTOSA
2289,DUPLICATE_VENDOR_NAME,MEDIUM,Nama Rekanan muncul 2 kali: SEMEN INDOGREEN SENTOSA
2328,DUPLICATE_VENDOR_NAME,MEDIUM,Nama Rekanan muncul 2 kali: SISWANTO
2339,DUPLICATE_VENDOR_NAME,MEDIUM,Nama Rekanan muncul 2 kali: SOILENS
2340,DUPLICATE_VENDOR_NAME,MEDIUM,Nama Rekanan muncul 2 kali: SOILENS
2345,DUPLICATE_VENDOR_NAME,MEDIUM,Nama Rekanan muncul 2 kali: SOLIHIN DJOENG
2346,DUPLICATE_VENDOR_NAME,MEDIUM,Nama Rekanan muncul 2 kali: SOLIHIN DJOENG
2347,DUPLICATE_VENDOR_NAME,MEDIUM,Nama Rekanan muncul 2 kali: RUSDI
2363,DUPLICATE_VENDOR_NAME,MEDIUM,Nama Rekanan muncul 2 kali: SRI WAHYUNI
2364,DUPLICATE_VENDOR_NAME,MEDIUM,Nama Rekanan muncul 2 kali: SRI WAHYUNI
2373,DUPLICATE_VENDOR_NAME,MEDIUM,Nama Rekanan muncul 2 kali: SUDADI
2374,DUPLICATE_VENDOR_NAME,MEDIUM,Nama Rekanan muncul 2 kali: SUDADI
2382,DUPLICATE_VENDOR_NAME,MEDIUM,Nama Rekanan muncul 3 kali: SUGIYANTO
2383,DUPLICATE_VENDOR_NAME,MEDIUM,Nama Rekanan muncul 3 kali: SUGIYANTO
2384,DUPLICATE_VENDOR_NAME,MEDIUM,Nama Rekanan muncul 3 kali: SUGIYANTO
2399,DUPLICATE_VENDOR_NAME,MEDIUM,Nama Rekanan muncul 2 kali: SULAIMAN
2403,DUPLICATE_VENDOR_NAME,MEDIUM,Nama Rekanan muncul 2 kali: SULTHAN ASA NUSANTARA
2404,DUPLICATE_VENDOR_NAME,MEDIUM,Nama Rekanan muncul 2 kali: SULTHAN ASA NUSANTARA
2415,DUPLICATE_VENDOR_NAME,MEDIUM,Nama Rekanan muncul 2 kali: SUMBER SUKSES BERSAUDARA
2416,DUPLICATE_VENDOR_NAME,MEDIUM,Nama Rekanan muncul 2 kali: SUMBER SUKSES BERSAUDARA
2421,DUPLICATE_VENDOR_NAME,MEDIUM,Nama Rekanan muncul 2 kali: SUNADI
2422,DUPLICATE_VENDOR_NAME,MEDIUM,Nama Rekanan muncul 2 kali: SUNADI
2424,DUPLICATE_VENDOR_NAME,MEDIUM,Nama Rekanan muncul 2 kali: SUNARTO
2425,DUPLICATE_VENDOR_NAME,MEDIUM,Nama Rekanan muncul 2 kali: SUNARTO
2429,DUPLICATE_VENDOR_NAME,MEDIUM,Nama Rekanan muncul 3 kali: SUPARDI
2430,DUPLICATE_VENDOR_NAME,MEDIUM,Nama Rekanan muncul 3 kali: SUPARDI
2431,DUPLICATE_VENDOR_NAME,MEDIUM,Nama Rekanan muncul 3 kali: SUPARDI
2433,DUPLICATE_VENDOR_NAME,MEDIUM,Nama Rekanan muncul 2 kali: SUPARMAN
2434,DUPLICATE_VENDOR_NAME,MEDIUM,Nama Rekanan muncul 2 kali: SUPARMAN
2449,DUPLICATE_VENDOR_NAME,MEDIUM,Nama Rekanan muncul 2 kali: SUROSO
2450,DUPLICATE_VENDOR_NAME,MEDIUM,Nama Rekanan muncul 2 kali: SUROSO
2462,DUPLICATE_VENDOR_NAME,MEDIUM,Nama Rekanan muncul 4 kali: SUTRISNO
2463,DUPLICATE_VENDOR_NAME,MEDIUM,Nama Rekanan muncul 4 kali: SUTRISNO
2464,DUPLICATE_VENDOR_NAME,MEDIUM,Nama Rekanan muncul 4 kali: SUTRISNO
2465,DUPLICATE_VENDOR_NAME,MEDIUM,Nama Rekanan muncul 4 kali: SUTRISNO
2467,DUPLICATE_VENDOR_NAME,MEDIUM,Nama Rekanan muncul 2 kali: SUWANDI
2468,DUPLICATE_VENDOR_NAME,MEDIUM,Nama Rekanan muncul 2 kali: SUWANDI
2469,DUPLICATE_VENDOR_NAME,MEDIUM,Nama Rekanan muncul 2 kali: SUWARDI
2470,DUPLICATE_VENDOR_NAME,MEDIUM,Nama Rekanan muncul 2 kali: SUWARDI
2474,DUPLICATE_VENDOR_NAME,MEDIUM,Nama Rekanan muncul 3 kali: SUYATNO
2475,DUPLICATE_VENDOR_NAME,MEDIUM,Nama Rekanan muncul 3 kali: SUYATNO
2482,DUPLICATE_VENDOR_NAME,MEDIUM,Nama Rekanan muncul 2 kali: SYAHRIAL
2483,DUPLICATE_VENDOR_NAME,MEDIUM,Nama Rekanan muncul 2 kali: SYAHRIAL
2500,DUPLICATE_VENDOR_NAME,MEDIUM,Nama Rekanan muncul 2 kali: TANJUNGSARI PRIMA SENTOSA
2501,DUPLICATE_VENDOR_NAME,MEDIUM,Nama Rekanan muncul 2 kali: TANJUNGSARI PRIMA SENTOSA
2504,DUPLICATE_VENDOR_NAME,MEDIUM,Nama Rekanan muncul 2 kali: TATHONG PERKASA
2505,DUPLICATE_VENDOR_NAME,MEDIUM,Nama Rekanan muncul 2 kali: TATHONG PERKASA
2519,DUPLICATE_VENDOR_NAME,MEDIUM,Nama Rekanan muncul 2 kali: MUHAMMAD RIFAI
2520,DUPLICATE_VENDOR_NAME,MEDIUM,Nama Rekanan muncul 2 kali: TETRASA GEOSININDO
2521,DUPLICATE_VENDOR_NAME,MEDIUM,Nama Rekanan muncul 2 kali: TETRASA GEOSININDO
2522,DUPLICATE_VENDOR_NAME,MEDIUM,Nama Rekanan muncul 2 kali: THE MASTER STEEL MANUFACTORY
2523,DUPLICATE_VENDOR_NAME,MEDIUM,Nama Rekanan muncul 2 kali: THE MASTER STEEL MANUFACTORY
2527,DUPLICATE_VENDOR_NAME,MEDIUM,Nama Rekanan muncul 2 kali: THYSSENKRUPP INDUSTRIAL SOLUTI
2528,DUPLICATE_VENDOR_NAME,MEDIUM,Nama Rekanan muncul 2 kali: THYSSENKRUPP INDUSTRIAL SOLUTI
2550,DUPLICATE_VENDOR_NAME,MEDIUM,Nama Rekanan muncul 2 kali: TOKO BESI 88
2551,DUPLICATE_VENDOR_NAME,MEDIUM,Nama Rekanan muncul 2 kali: TOKO BESI 88
2581,DUPLICATE_VENDOR_NAME,MEDIUM,Nama Rekanan muncul 2 kali: TUGU BETON SEMESTA ABADI
2582,DUPLICATE_VENDOR_NAME,MEDIUM,Nama Rekanan muncul 2 kali: TUGU BETON SEMESTA ABADI
2583,DUPLICATE_VENDOR_NAME,MEDIUM,Nama Rekanan muncul 2 kali: TUKIMAN
2584,DUPLICATE_VENDOR_NAME,MEDIUM,Nama Rekanan muncul 2 kali: TUKIMAN
2599,DUPLICATE_VENDOR_NAME,MEDIUM,Nama Rekanan muncul 2 kali: UJANG SURYANA
2600,DUPLICATE_VENDOR_NAME,MEDIUM,Nama Rekanan muncul 2 kali: UJANG SURYANA
2612,DUPLICATE_VENDOR_NAME,MEDIUM,Nama Rekanan muncul 2 kali: UNTUNG PURNOMO
2613,DUPLICATE_VENDOR_NAME,MEDIUM,Nama Rekanan muncul 2 kali: UNTUNG PURNOMO
2615,DUPLICATE_VENDOR_NAME,MEDIUM,Nama Rekanan muncul 2 kali: USEP DARMAJA
2616,DUPLICATE_VENDOR_NAME,MEDIUM,Nama Rekanan muncul 2 kali: USEP DARMAJA
2623,DUPLICATE_VENDOR_NAME,MEDIUM,Nama Rekanan muncul 2 kali: VARIA USAHA BETON
2624,DUPLICATE_VENDOR_NAME,MEDIUM,Nama Rekanan muncul 2 kali: VARIA USAHA BETON
2647,DUPLICATE_VENDOR_NAME,MEDIUM,Nama Rekanan muncul 2 kali: WAHANA PERENCANA PERSADA
2648,DUPLICATE_VENDOR_NAME,MEDIUM,Nama Rekanan muncul 2 kali: WAHANA PERENCANA PERSADA
2670,DUPLICATE_VENDOR_NAME,MEDIUM,Nama Rekanan muncul 2 kali: WHOLESALE ELECTRIC ASIA INDONE
2671,DUPLICATE_VENDOR_NAME,MEDIUM,Nama Rekanan muncul 2 kali: WHOLESALE ELECTRIC ASIA INDONE
2702,DUPLICATE_VENDOR_NAME,MEDIUM,Nama Rekanan muncul 2 kali: YATIN
2703,DUPLICATE_VENDOR_NAME,MEDIUM,Nama Rekanan muncul 2 kali: YATIN
2724,DUPLICATE_VENDOR_NAME,MEDIUM,Nama Rekanan muncul 2 kali: BETON ELEMENINDO PERKASA
868,SAME_NAME_AND_NPWP,HIGH,Nama Rekanan dan NPWP sama dengan row lain
869,SAME_NAME_AND_NPWP,HIGH,Nama Rekanan dan NPWP sama dengan row lain
1793,SAME_NAME_AND_NPWP,HIGH,Nama Rekanan dan NPWP sama dengan row lain
1794,SAME_NAME_AND_NPWP,HIGH,Nama Rekanan dan NPWP sama dengan row lain
2373,SAME_NAME_AND_NPWP,HIGH,Nama Rekanan dan NPWP sama dengan row lain
2374,SAME_NAME_AND_NPWP,HIGH,Nama Rekanan dan NPWP sama dengan row lain
37,REUSED_NPWP,HIGH,NPWP yang sama dipakai pada 4 row: 10016100000000
64,REUSED_NPWP,HIGH,NPWP yang sama dipakai pada 2 row: 10004900000000
175,REUSED_NPWP,HIGH,NPWP yang sama dipakai pada 2 row: 18104500000000
270,REUSED_NPWP,HIGH,NPWP yang sama dipakai pada 6 row: 7602120000000000
332,REUSED_NPWP,HIGH,NPWP yang sama dipakai pada 2 row: 10016200000000
369,REUSED_NPWP,HIGH,NPWP yang sama dipakai pada 2 row: 25066200000000
404,REUSED_NPWP,HIGH,NPWP yang sama dipakai pada 2 row: 10004900000000
562,REUSED_NPWP,HIGH,NPWP yang sama dipakai pada 2 row: 109290000000000
637,REUSED_NPWP,HIGH,NPWP yang sama dipakai pada 2 row: 21848800000000
658,REUSED_NPWP,HIGH,NPWP yang sama dipakai pada 2 row: 6409010000000000
824,REUSED_NPWP,HIGH,NPWP yang sama dipakai pada 2 row: 711772000000000
844,REUSED_NPWP,HIGH,NPWP yang sama dipakai pada 3 row: 1091030000000000
868,REUSED_NPWP,HIGH,NPWP yang sama dipakai pada 2 row: 316072000000000
869,REUSED_NPWP,HIGH,NPWP yang sama dipakai pada 2 row: 316072000000000
924,REUSED_NPWP,HIGH,NPWP yang sama dipakai pada 2 row: 7602130000000000
927,REUSED_NPWP,HIGH,NPWP yang sama dipakai pada 2 row: 10613600000000
937,REUSED_NPWP,HIGH,NPWP yang sama dipakai pada 2 row: 315762000000000
952,REUSED_NPWP,HIGH,NPWP yang sama dipakai pada 2 row: 7602130000000000
995,REUSED_NPWP,HIGH,NPWP yang sama dipakai pada 2 row: 10613600000000
1010,REUSED_NPWP,HIGH,NPWP yang sama dipakai pada 6 row: 7602120000000000
1128,REUSED_NPWP,HIGH,NPWP yang sama dipakai pada 2 row: 11432900000000
1185,REUSED_NPWP,HIGH,NPWP yang sama dipakai pada 2 row: 32579600000000
1259,REUSED_NPWP,HIGH,NPWP yang sama dipakai pada 2 row: 32579600000000
1373,REUSED_NPWP,HIGH,NPWP yang sama dipakai pada 6 row: 7602120000000000
1384,REUSED_NPWP,HIGH,NPWP yang sama dipakai pada 6 row: 7602120000000000
1425,REUSED_NPWP,HIGH,NPWP yang sama dipakai pada 2 row: 9103020000000000
1521,REUSED_NPWP,HIGH,NPWP yang sama dipakai pada 2 row: 10717800000000
1527,REUSED_NPWP,HIGH,NPWP yang sama dipakai pada 2 row: 18104500000000
1554,REUSED_NPWP,HIGH,NPWP yang sama dipakai pada 6 row: 7602120000000000
1556,REUSED_NPWP,HIGH,NPWP yang sama dipakai pada 2 row: 3321030000000000
1562,REUSED_NPWP,HIGH,NPWP yang sama dipakai pada 2 row: 3321030000000000
1643,REUSED_NPWP,HIGH,NPWP yang sama dipakai pada 2 row: 9103020000000000
1726,REUSED_NPWP,HIGH,NPWP yang sama dipakai pada 2 row: 13454800000000
1727,REUSED_NPWP,HIGH,NPWP yang sama dipakai pada 4 row: 10016100000000
1757,REUSED_NPWP,HIGH,NPWP yang sama dipakai pada 2 row: 315762000000000
1774,REUSED_NPWP,HIGH,NPWP yang sama dipakai pada 3 row: 1091030000000000
1793,REUSED_NPWP,HIGH,NPWP yang sama dipakai pada 2 row: 720875000000000
1794,REUSED_NPWP,HIGH,NPWP yang sama dipakai pada 2 row: 720875000000000
1817,REUSED_NPWP,HIGH,NPWP yang sama dipakai pada 3 row: 1091030000000000
1827,REUSED_NPWP,HIGH,NPWP yang sama dipakai pada 2 row: 21848800000000
1851,REUSED_NPWP,HIGH,NPWP yang sama dipakai pada 2 row: 11432900000000
1878,REUSED_NPWP,HIGH,NPWP yang sama dipakai pada 2 row: 100000000000000
1969,REUSED_NPWP,HIGH,NPWP yang sama dipakai pada 4 row: 10016100000000
1991,REUSED_NPWP,HIGH,NPWP yang sama dipakai pada 2 row: 16343400000000
2005,REUSED_NPWP,HIGH,NPWP yang sama dipakai pada 2 row: 13454800000000
2041,REUSED_NPWP,HIGH,NPWP yang sama dipakai pada 2 row: 16343400000000
2134,REUSED_NPWP,HIGH,NPWP yang sama dipakai pada 2 row: 6409010000000000
2234,REUSED_NPWP,HIGH,NPWP yang sama dipakai pada 2 row: 10717800000000
2344,REUSED_NPWP,HIGH,NPWP yang sama dipakai pada 2 row: 25066200000000
2373,REUSED_NPWP,HIGH,NPWP yang sama dipakai pada 2 row: 442739000000000
2374,REUSED_NPWP,HIGH,NPWP yang sama dipakai pada 2 row: 442739000000000
2410,REUSED_NPWP,HIGH,NPWP yang sama dipakai pada 2 row: 711772000000000
2488,REUSED_NPWP,HIGH,NPWP yang sama dipakai pada 6 row: 7602120000000000
2581,REUSED_NPWP,HIGH,NPWP yang sama dipakai pada 4 row: 10016100000000
2649,REUSED_NPWP,HIGH,NPWP yang sama dipakai pada 2 row: 23205200000000
2654,REUSED_NPWP,HIGH,NPWP yang sama dipakai pada 2 row: 23205200000000
2656,REUSED_NPWP,HIGH,NPWP yang sama dipakai pada 2 row: 25292500000000
2660,REUSED_NPWP,HIGH,NPWP yang sama dipakai pada 2 row: 25292500000000
2708,REUSED_NPWP,HIGH,NPWP yang sama dipakai pada 2 row: 10016200000000
2719,REUSED_NPWP,HIGH,NPWP yang sama dipakai pada 2 row: 109290000000000
2721,REUSED_NPWP,HIGH,NPWP yang sama dipakai pada 2 row: 100000000000000
2724,REUSED_NPWP,HIGH,NPWP yang sama dipakai pada 2 row: 958912000000000
2731,REUSED_NPWP,HIGH,NPWP yang sama dipakai pada 2 row: 958912000000000
226,POSSIBLE_DUPLICATE_CANONICAL_NAME,MEDIUM,Nama canonical sama tetapi penulisan berbeda: ARGHANIAGA PANCATUNGGAL
1805,POSSIBLE_DUPLICATE_CANONICAL_NAME,MEDIUM,Nama canonical sama tetapi penulisan berbeda: ARGHANIAGA PANCATUNGGAL
351,POSSIBLE_DUPLICATE_CANONICAL_NAME,MEDIUM,Nama canonical sama tetapi penulisan berbeda: BERCA SCHINDLER LIFTS
1935,POSSIBLE_DUPLICATE_CANONICAL_NAME,MEDIUM,Nama canonical sama tetapi penulisan berbeda: BERCA SCHINDLER LIFTS
438,POSSIBLE_DUPLICATE_CANONICAL_NAME,MEDIUM,Nama canonical sama tetapi penulisan berbeda: BUMI SARANA BETON
1939,POSSIBLE_DUPLICATE_CANONICAL_NAME,MEDIUM,Nama canonical sama tetapi penulisan berbeda: BUMI SARANA BETON
441,POSSIBLE_DUPLICATE_CANONICAL_NAME,MEDIUM,Nama canonical sama tetapi penulisan berbeda: BUMI SENTOSA DWI AGUNG
2047,POSSIBLE_DUPLICATE_CANONICAL_NAME,MEDIUM,Nama canonical sama tetapi penulisan berbeda: BUMI SENTOSA DWI AGUNG
505,POSSIBLE_DUPLICATE_CANONICAL_NAME,MEDIUM,Nama canonical sama tetapi penulisan berbeda: CISANGKAN
1822,POSSIBLE_DUPLICATE_CANONICAL_NAME,MEDIUM,Nama canonical sama tetapi penulisan berbeda: CISANGKAN
512,POSSIBLE_DUPLICATE_CANONICAL_NAME,MEDIUM,Nama canonical sama tetapi penulisan berbeda: CITRA BARU STEEL
1948,POSSIBLE_DUPLICATE_CANONICAL_NAME,MEDIUM,Nama canonical sama tetapi penulisan berbeda: CITRA BARU STEEL
540,POSSIBLE_DUPLICATE_CANONICAL_NAME,MEDIUM,Nama canonical sama tetapi penulisan berbeda: JAYA
1122,POSSIBLE_DUPLICATE_CANONICAL_NAME,MEDIUM,Nama canonical sama tetapi penulisan berbeda: JAYA
553,POSSIBLE_DUPLICATE_CANONICAL_NAME,MEDIUM,Nama canonical sama tetapi penulisan berbeda: SUMBER REZEKI
2413,POSSIBLE_DUPLICATE_CANONICAL_NAME,MEDIUM,Nama canonical sama tetapi penulisan berbeda: SUMBER REZEKI
562,POSSIBLE_DUPLICATE_CANONICAL_NAME,MEDIUM,Nama canonical sama tetapi penulisan berbeda: DINAMIS
665,POSSIBLE_DUPLICATE_CANONICAL_NAME,MEDIUM,Nama canonical sama tetapi penulisan berbeda: DINAMIS
637,POSSIBLE_DUPLICATE_CANONICAL_NAME,MEDIUM,Nama canonical sama tetapi penulisan berbeda: DELTA SYSTECH INDONESIA
1827,POSSIBLE_DUPLICATE_CANONICAL_NAME,MEDIUM,Nama canonical sama tetapi penulisan berbeda: DELTA SYSTECH INDONESIA
830,POSSIBLE_DUPLICATE_CANONICAL_NAME,MEDIUM,Nama canonical sama tetapi penulisan berbeda: GALVA TECHNOLOGIES
831,POSSIBLE_DUPLICATE_CANONICAL_NAME,MEDIUM,Nama canonical sama tetapi penulisan berbeda: GALVA TECHNOLOGIES
850,POSSIBLE_DUPLICATE_CANONICAL_NAME,MEDIUM,Nama canonical sama tetapi penulisan berbeda: GEOFORCE INDONESIA
1836,POSSIBLE_DUPLICATE_CANONICAL_NAME,MEDIUM,Nama canonical sama tetapi penulisan berbeda: GEOFORCE INDONESIA
1039,POSSIBLE_DUPLICATE_CANONICAL_NAME,MEDIUM,Nama canonical sama tetapi penulisan berbeda: INDOINTERNET
1846,POSSIBLE_DUPLICATE_CANONICAL_NAME,MEDIUM,Nama canonical sama tetapi penulisan berbeda: INDOINTERNET
1127,POSSIBLE_DUPLICATE_CANONICAL_NAME,MEDIUM,Nama canonical sama tetapi penulisan berbeda: JAYA ANUGERAH UTAMA
1850,POSSIBLE_DUPLICATE_CANONICAL_NAME,MEDIUM,Nama canonical sama tetapi penulisan berbeda: JAYA ANUGERAH UTAMA
1128,POSSIBLE_DUPLICATE_CANONICAL_NAME,MEDIUM,Nama canonical sama tetapi penulisan berbeda: JAYA BETON INDONESIA
1851,POSSIBLE_DUPLICATE_CANONICAL_NAME,MEDIUM,Nama canonical sama tetapi penulisan berbeda: JAYA BETON INDONESIA
1344,POSSIBLE_DUPLICATE_CANONICAL_NAME,MEDIUM,Nama canonical sama tetapi penulisan berbeda: LENTERA ELOK DINAMIKA
1862,POSSIBLE_DUPLICATE_CANONICAL_NAME,MEDIUM,Nama canonical sama tetapi penulisan berbeda: LENTERA ELOK DINAMIKA
1407,POSSIBLE_DUPLICATE_CANONICAL_NAME,MEDIUM,Nama canonical sama tetapi penulisan berbeda: MAJU LANGGENG MANDIRI
1408,POSSIBLE_DUPLICATE_CANONICAL_NAME,MEDIUM,Nama canonical sama tetapi penulisan berbeda: MAJU LANGGENG MANDIRI
1983,POSSIBLE_DUPLICATE_CANONICAL_NAME,MEDIUM,Nama canonical sama tetapi penulisan berbeda: MAJU LANGGENG MANDIRI
1594,POSSIBLE_DUPLICATE_CANONICAL_NAME,MEDIUM,Nama canonical sama tetapi penulisan berbeda: MULTI UTAMA INDOJASA
1873,POSSIBLE_DUPLICATE_CANONICAL_NAME,MEDIUM,Nama canonical sama tetapi penulisan berbeda: MULTI UTAMA INDOJASA
1726,POSSIBLE_DUPLICATE_CANONICAL_NAME,MEDIUM,Nama canonical sama tetapi penulisan berbeda: PELITAMAJU MULTISWAKARSA
2005,POSSIBLE_DUPLICATE_CANONICAL_NAME,MEDIUM,Nama canonical sama tetapi penulisan berbeda: PELITAMAJU MULTISWAKARSA
1737,POSSIBLE_DUPLICATE_CANONICAL_NAME,MEDIUM,Nama canonical sama tetapi penulisan berbeda: PERKASA KARUNIA TEKNIK
2006,POSSIBLE_DUPLICATE_CANONICAL_NAME,MEDIUM,Nama canonical sama tetapi penulisan berbeda: PERKASA KARUNIA TEKNIK
1772,POSSIBLE_DUPLICATE_CANONICAL_NAME,MEDIUM,Nama canonical sama tetapi penulisan berbeda: POWER BLOCK INDONESIA
2660,POSSIBLE_DUPLICATE_CANONICAL_NAME,MEDIUM,Nama canonical sama tetapi penulisan berbeda: POWER BLOCK INDONESIA
1795,POSSIBLE_DUPLICATE_CANONICAL_NAME,MEDIUM,Nama canonical sama tetapi penulisan berbeda: PRIMASTAR MANDIRI
1889,POSSIBLE_DUPLICATE_CANONICAL_NAME,MEDIUM,Nama canonical sama tetapi penulisan berbeda: PRIMASTAR MANDIRI
1824,POSSIBLE_DUPLICATE_CANONICAL_NAME,MEDIUM,Nama canonical sama tetapi penulisan berbeda: CITRA PRATAMA WIRASENTOSA
1950,POSSIBLE_DUPLICATE_CANONICAL_NAME,MEDIUM,Nama canonical sama tetapi penulisan berbeda: CITRA PRATAMA WIRASENTOSA
1871,POSSIBLE_DUPLICATE_CANONICAL_NAME,MEDIUM,Nama canonical sama tetapi penulisan berbeda: METALINDO ESTETIKA DIMENSI
1989,POSSIBLE_DUPLICATE_CANONICAL_NAME,MEDIUM,Nama canonical sama tetapi penulisan berbeda: METALINDO ESTETIKA DIMENSI
1901,POSSIBLE_DUPLICATE_CANONICAL_NAME,MEDIUM,Nama canonical sama tetapi penulisan berbeda: SEMEN INDONESIA LOGISTIK
2290,POSSIBLE_DUPLICATE_CANONICAL_NAME,MEDIUM,Nama canonical sama tetapi penulisan berbeda: SEMEN INDONESIA LOGISTIK
1908,POSSIBLE_DUPLICATE_CANONICAL_NAME,MEDIUM,Nama canonical sama tetapi penulisan berbeda: SURGA TINTA
2448,POSSIBLE_DUPLICATE_CANONICAL_NAME,MEDIUM,Nama canonical sama tetapi penulisan berbeda: SURGA TINTA
1920,POSSIBLE_DUPLICATE_CANONICAL_NAME,MEDIUM,Nama canonical sama tetapi penulisan berbeda: WIJAYA KARYA BETON
2680,POSSIBLE_DUPLICATE_CANONICAL_NAME,MEDIUM,Nama canonical sama tetapi penulisan berbeda: WIJAYA KARYA BETON
1932,POSSIBLE_DUPLICATE_CANONICAL_NAME,MEDIUM,Nama canonical sama tetapi penulisan berbeda: SANTOSO TANDHANG
2233,POSSIBLE_DUPLICATE_CANONICAL_NAME,MEDIUM,Nama canonical sama tetapi penulisan berbeda: SANTOSO TANDHANG
2649,POSSIBLE_DUPLICATE_CANONICAL_NAME,MEDIUM,Nama canonical sama tetapi penulisan berbeda: AVER ASIA
2654,POSSIBLE_DUPLICATE_CANONICAL_NAME,MEDIUM,Nama canonical sama tetapi penulisan berbeda: AVER ASIA
457,MISSING_PO_LEVEL_2,LOW,Item pekerjaan PO ada tetapi Level 2 kosong
457,MISSING_PO_LEVEL_3,LOW,Item pekerjaan PO ada tetapi Level 3 kosong
1168,NONCANONICAL_L1_NAME,LOW,Engineering-Profesional Service -> Engineering & Professional Services
1326,NONCANONICAL_L1_NAME,LOW,Engineering-Profesional Service -> Engineering & Professional Services
1512,NONCANONICAL_L1_NAME,LOW,Engineering-Profesional Service -> Engineering & Professional Services
1615,MISSING_PO_LEVEL_2,LOW,Item pekerjaan PO ada tetapi Level 2 kosong
1800,NONCANONICAL_L1_NAME,LOW,Equipment and Plant -> Equipment & Plant
1800,MISSING_PO_LEVEL_2,LOW,Item pekerjaan PO ada tetapi Level 2 kosong
1800,MISSING_PO_LEVEL_3,LOW,Item pekerjaan PO ada tetapi Level 3 kosong
