excel_row,no_sap,vendor,reason,item_pekerjaan,level_1,level_2,level_3
58,2020003409,ADIPRANA DAYA TRAKTOR,No classification rule matched,Struktur Work,Material Supply,Structural Steel & Metal Products,"Profil baja,"
60,2020004080,ADITYA,No classification rule matched,Upah Persiapan,Construction Services,Site Preparation & Demolition,pekerjaan persiapan lokasi.
64,2020003439,AGRINAS JALDRI NUSANTARA ( PER,No classification rule matched,"ADD VII Pengawas Inkis
ADD VI Pengawas Inkis
Add VIII Pengawas Inkis
ADD IV PMI Sibanceh
ADD IX PengawasInkis
PMI Add VII Sigli - Banda Aceh
Kontrak Pengawas Betjam Paket 2B
PMI Add VIII Sigli Banda Aceh",Engineering & Professional Services,Project & Construction Management Consultancy,"supervision,"
71,2020015810,AGUNG PRAMU AJI,No classification rule matched,Addendum Supervisi MLA,Engineering & Professional Services,Project & Construction Management Consultancy,"construction management,
supervision,"
95,2020013489,AHMAD KHOTIB SYARONI,No classification rule matched,"Ads Youtube TVC
Jasa Handling media",Corporate Support Services,"Marketing, Branding & Communication Services","media monitoring, content, dan"
97,2020012079,AHMAD RIZAL,No classification rule matched,Jasa Persiapan (JK),Construction Services,Site Preparation & Demolition,pekerjaan persiapan lokasi.
98,2020012611,AHMAD ROFIQ,No classification rule matched,Jasa Persiapan (JK),Construction Services,Site Preparation & Demolition,pekerjaan persiapan lokasi.
124,2020014635,ALFI FAHCRUL,No classification rule matched,"Upah Screed
Anti Rayap
Pekerjaan Anti Rayap",Corporate Support Services,"Cleaning, Pest Control & Hygiene Services","pest control,"
130,2020012476,ALI MURTADHO,No classification rule matched,Pekerjaan onshore & offshore (tahap 1),Construction Services,Marine & Coastal Works,"Jetty,"
137,2020009759,ALKAJAYA SATRIA PERKASA,No classification rule matched,Steel Deck (JK),Material Supply,Structural Steel & Metal Products,produk metal lainnya.
152,2020011475,AMRIZAL,No classification rule matched,"Upah Persiapan
Pekerjan Borelog",Construction Services,Site Preparation & Demolition,pekerjaan persiapan lokasi.
154,2020010533,ANAGATA DHIA KARYA MANDIRI,No classification rule matched,"Pek.Kons.Pendmpingan Hunian Vertikal IKN
Pemby.Termin 2 Kons.KPBU Hunian IKN",Engineering & Professional Services,"Financial, Commercial & Transaction Advisory","PPP, dan"
161,2020015754,ANDI AMILUDDIN SYAH,No classification rule matched,Pek. Persiapan,Construction Services,Site Preparation & Demolition,pekerjaan persiapan lokasi.
166,2020015622,ANDIUS DASA PUTRA,No classification rule matched,Pek. Sondir Trial Embankment,Engineering & Professional Services,Geotechnical & Geological Engineering,"Investigasi tanah,"
170,2020015766,ANDROMEDA EKA PUTRI,No classification rule matched,Dermaga,Construction Services,Marine & Coastal Works,"dermaga,"
177,2020015820,ANGGA DWI YULIANTO,No classification rule matched,Pekerjaan Persiapan,Construction Services,Site Preparation & Demolition,pekerjaan persiapan lokasi.
180,2010000085,ANGKASA PURA SUPPORTS,No classification rule matched,Pek. Relokasi_JK_LS,Construction Services,Specialist Construction Works,rehabilitation.
181,2020012297,ANIGOS JAYA PERKASA,No classification rule matched,Solar industri,Utilities and Energy,Fuel Supply,"Solar Industri,"
184,2020004439,BAMBANG S,No classification rule matched,Pekerja,Corporate Support Services,Human Resources & Recruitment Services,"manpower outsourcing,"
185,2020013926,ANNISA KRISMARTNA WAHIDAH,No classification rule matched,Pek. General Cleaning_JK_M2,Corporate Support Services,"Cleaning, Pest Control & Hygiene Services","Cleaning,  sanitasi, washroom service, dan pengelolaan kebersihan."
194,2020011523,ANUGERAH KRESNA UTAMA,No classification rule matched,Pekerjaan Kajian Social Security Assessm,Engineering & Professional Services,"Environmental, Social & Sustainability Consultancy","social impact,"
218,2020003262,ARDIWAN,No classification rule matched,"Subkon Pek. Survey & setting out plant (
Subkon Pek. Surveying & setting out (JK)",Engineering & Professional Services,"Surveying, Mapping & Geospatial Services","Topografi,"
223,2020009576,ARGA NUSA PERSADA,No classification rule matched,Biaya Pelatihan MPP,Corporate Support Services,Training & Professional Development,"Pelatihan teknis/nonteknis, sertifikasi, leadership, e-learning, dan fasilitasi."
226,2020012073,ARGHANIAGA PANCATUNGGAL,No classification rule matched,"Bio Solar
Solar industri
Bensin",Utilities and Energy,Fuel Supply,"Solar Industri,"
230,2020015752,ARI UTOYO,No classification rule matched,Pekerjaan Soil Test,Engineering & Professional Services,Geotechnical & Geological Engineering,"Investigasi tanah,"
258,2020008185,ARYOS BERKAT SUKSES,No classification rule matched,"D&B Ciloto Termin 1
D&B Ciloto Termin 2
D&B Ciloto Termin 3
Pemby Termijn V Design & Built di Ciloto",Engineering & Professional Services,Civil & Structural Engineering,"design review,"
303,2020009727,BAHANA TEHNIK RAYA,No classification rule matched,"Aditional soil investigasi (borlog)
Soil Investigation",Engineering & Professional Services,Geotechnical & Geological Engineering,"Investigasi tanah,"
308,2020003270,BAKRIE METAL INDUSTRIES,No classification rule matched,"Galvanize Flex Beam Guardrail - Type A
Three Beam Connector (package)",Material Supply,Structural Steel & Metal Products,"Profil baja,"
316,2020015019,BAMBANG IRAWAN,No classification rule matched,Pasang silt protector woven PET,Construction Services,Marine & Coastal Works,proteksi pantai.
329,2020016058,BANNY APRIANSYAH,No classification rule matched,Subkon Uji Lingkungan,Engineering & Professional Services,"Environmental, Social & Sustainability Consultancy",perizinan lingkungan.
334,2020011077,BARRUMI MEDIA CIPTA,No classification rule matched,"Iklan Pengumuman Lelang Lahan April 2024
iklan Pelelangan Umum Leger
Iklan Pelelangan Umum Ulang","Engineering & Professional Services
Corporate Support Services","Surveying, Mapping & Geospatial Services
Marketing, Branding & Communication Services","pemetaan drone.
Branding & advertising,"
383,2020012568,BINA AUDITA INDONESIA,No classification rule matched,Jasa Bimbingan Teknis QAR,Corporate Support Services,Training & Professional Development,"Pelatihan teknis/nonteknis, sertifikasi, leadership, e-learning, dan fasilitasi."
406,2020010732,BIRUNI BIO ARSITEKTUR,No classification rule matched,Dekarbonisasi,Engineering & Professional Services,"Environmental, Social & Sustainability Consultancy","carbon,"
419,2020004593,BUANA CAHAYATAMA,No classification rule matched,"Additional Service Engineer Pemrograman
Pek. Kalkulasi Nilai Parameter Relay Pro
Pengadaan Material Konsumabel
PT Buana Cahayatama, Pekerjaan Jasa
Jasa Training Supervisi","Engineering & Professional Services
Corporate Support Services","Project & Construction Management Consultancy
Training & Professional Development","construction management,
supervision,
Pelatihan teknis/nonteknis, sertifikasi, leadership, e-learning, dan fasilitasi."
428,2020005333,HARI SISWANTO,No classification rule matched,Jasa Persiapan (JK),Construction Services,Site Preparation & Demolition,pekerjaan persiapan lokasi.
430,2020014248,BUDIYANTO SETIAWAN,No classification rule matched,"Pek. General Cleaning_JK_M2
Deep Cleaning",Corporate Support Services,"Cleaning, Pest Control & Hygiene Services","Cleaning,  sanitasi, washroom service, dan pengelolaan kebersihan."
431,2020003790,BUKAKA TEKNIK UTAMA,No classification rule matched,"Bearing Pad Elastomer Type 1
Bearing Pad Elastomer Type 3",Construction Services,Bridge & Elevated Structure Works,"bearing,"
461,2020009977,CAKRA BUANA TOTALMANDIRI KONSU,No classification rule matched,Detail Desain,Engineering & Professional Services,Civil & Structural Engineering,"design review,"
483,2020012564,CHALYSINDO CHATRA UTAMA,No classification rule matched,Pekerjaan Penyelidikan Tanah,Engineering & Professional Services,Geotechnical & Geological Engineering,"Investigasi tanah,"
490,2020010680,CIPTA ADHI POTENSIA,No classification rule matched,Executive Coaching Termin 1,Corporate Support Services,Training & Professional Development,"Pelatihan teknis/nonteknis, sertifikasi, leadership, e-learning, dan fasilitasi."
493,2020012536,CIPTA DUA BERSAUDARA,No classification rule matched,Bearing Pad Elastomer,Construction Services,Bridge & Elevated Structure Works,"bearing,"
496,2020011989,CIPTA KREASI TALENTA,No classification rule matched,Inhouse Workshop ERM,Corporate Support Services,Training & Professional Development,"Pelatihan teknis/nonteknis, sertifikasi, leadership, e-learning, dan fasilitasi."
499,2020004736,CIPTA STRADA,No classification rule matched,"ADD VI PMI Bangpang
Pengawas Paltung Struktur
Add II Pengawas Paltung Struktur
Add IV Pengawas Paltung Struktur",Engineering & Professional Services,Project & Construction Management Consultancy,"supervision,"
504,2020001228,CIRIAJASA CIPTA MANDIRI ENJINE,No classification rule matched,"Pengawas Rengpek Seksi Lingkar Pekanbaru
Pengawas Rengpek Seksi I Lingkar Pekanba
Add X Pengawas Pekbang",Engineering & Professional Services,Project & Construction Management Consultancy,"supervision,"
597,2020011508,DAMPAK SOSIAL INDONESIA,No classification rule matched,Workshop CID & CSR,Corporate Support Services,"Training & Professional Development
Corporate Social Responsibility Services","Pelatihan teknis/nonteknis, sertifikasi, leadership, e-learning, dan fasilitasi.
Program komunitas, community engagement, pelaksanaan CSR, dan impact measurement."
615,2020012282,DASSINDO INTERNUSA SEMESTA,No classification rule matched,X Ray,Corporate Support Services,Medical & Occupational Health Services,"Klinik, medical check-up, occupational health, ambulance, dan tenaga medis."
621,2020009442,DAVIT INDRA KUSUMA NURPRIHATNA,No classification rule matched,Upah Harian Survey,Engineering & Professional Services,"Surveying, Mapping & Geospatial Services","Topografi,"
622,2020004817,DAYA DIMENSI PT,No classification rule matched,"Asesmen SKD BUMN
Asesmen BoD-2 1 Orang
Asesmen SKD BUMN & PQ 3 org
Asesmen BoD-1 1org",Corporate Support Services,Human Resources & Recruitment Services,"assessment,"
639,2020012697,DENI SETIAWAN,No classification rule matched,Jasa Persiapan (JK),Construction Services,Site Preparation & Demolition,pekerjaan persiapan lokasi.
655,2020014154,DIDI KARDI,No classification rule matched,Bensin,Utilities and Energy,Fuel Supply,"Solar Industri,"
669,2020008769,DISIPLAN CONSULT,No classification rule matched,Add V PMI Indralaya - Prabumulih,Engineering & Professional Services,Project & Construction Management Consultancy,"supervision,"
670,2020012933,DJITO,No classification rule matched,Persiapan,Construction Services,Site Preparation & Demolition,pekerjaan persiapan lokasi.
677,2020011961,DONI RAMLAN EFFENDI,No classification rule matched,pek. Shotcrete,Construction Services,Specialist Construction Works,"strengthening,"
685,2020013180,DRS. MANIMBUL L A SITORUS,No classification rule matched,"Jasa Terjemahan Resmi
Jasa Penerjemah Tersumpah",Corporate Support Services,"Printing, Document & Records Services","Printing, scanning, archiving, shredding, document control, dan records storage."
686,2020015835,DRS. MARZUKI,No classification rule matched,Penyiapan lahan stockyard,Construction Services,Site Preparation & Demolition,pekerjaan persiapan lokasi.
688,2020014656,DUDUNG AS,No classification rule matched,Roller Blind Kantor Kemang Arsip,Corporate Support Services,"Printing, Document & Records Services","Printing, scanning, archiving, shredding, document control, dan records storage."
692,2020008095,DURITO,No classification rule matched,Pembersihan area kerja,Construction Services,Site Preparation & Demolition,Pembersihan lahan
747,2020010744,ESA SOLUSI MANDIRI,No classification rule matched,Pelatihan Kemnaker,Corporate Support Services,Training & Professional Development,"Pelatihan teknis/nonteknis, sertifikasi, leadership, e-learning, dan fasilitasi."
750,2020005070,ESKAPINDO MATRA,No classification rule matched,"ADD III PMI INKIS
ADD VI Pengawas Ruas Bangpang
ADD VIII Pengawas Ruas Bangpang
ADD IX Pengawas Ruas Bangpang
ADD IV PMI INKIS",Engineering & Professional Services,Project & Construction Management Consultancy,"supervision,"
752,2020000512,ESTIKA JASATAMA,No classification rule matched,"Pby Estika Jasatama
Pby estika jasatama asuransi aset HK BRI
PBY ESTIKA JASATAMA ASET HK KBY BARU
PBY ESTIKA JASATAMA ASET KB BARU
Pby Estika Jasatama Aset Samarinda",Corporate Support Services,"Banking, Insurance & Risk Services","Perbankan, surety, asuransi, broker, risk survey, dan loss adjusting."
777,2020009954,FARHAN ZULFIKAR,No classification rule matched,Solar industri,Utilities and Energy,Fuel Supply,"Solar Industri,"
801,2020011985,FIKA DARNITA,No classification rule matched,"Pembuatan Pin AKHLAK 200Pcs
Power Bank & Kaos AKHLAK
Kaos AKHLAK Change Mover 200",Corporate Support Services,"Marketing, Branding & Communication Services","Branding & advertising,"
802,2020010001,MUKAROBIN,No classification rule matched,"Biaya Perbaikan waterway
Pekerjaan AVR
Pekerjaan Flow Sensor
Biaya Penyambungan PLN (Perbaikan)",Utilities and Energy,Electricity Supply & Distribution,"Pasokan listrik, sambungan, distribusi, metering, dan layanan kelistrikan utilitas."
812,2020013239,FOR KOMUNIKA KREASI,No classification rule matched,"Pekerjaan Booth Pameran ICE BSD
Booth Pameran ICE BSD",Corporate Support Services,"Marketing, Branding & Communication Services","Branding & advertising,"
818,2020010584,FRIBESKA CIPTA SEJAHTERA,No classification rule matched,Subkon Relokasi Tiang PLN Overpass Sta.,Utilities and Energy,Electricity Supply & Distribution,"Pasokan listrik, sambungan, distribusi, metering, dan layanan kelistrikan utilitas."
821,2020001045,MULYONO,No classification rule matched,Land Preparation,Construction Services,Site Preparation & Demolition,pekerjaan persiapan lokasi.
823,2020012017,GABRIELLA GEOVANA RAWUNG,No classification rule matched,Biaya Katering,Corporate Support Services,Catering & Food Services,"Katering kantor/proyek, canteen management, meal box, dan pantry operation."
828,2020005160,GALAXY PERSADA,No classification rule matched,Baja Struktur Galaxy,Material Supply,Structural Steel & Metal Products,"Profil baja,"
842,2020006288,MUZAKIR,No classification rule matched,Biaya operasi,Utilities and Energy,Fuel Supply,"Solar Industri,"
847,2020000571,GEO STRUKTUR INDONUSA,No classification rule matched,"Pengeboran, termasuk SPT dan Laporan",Engineering & Professional Services,Geotechnical & Geological Engineering,"Investigasi tanah,"
849,2020011779,GEOCHEM SURVEI INTERNASIONAL,No classification rule matched,Survey Bathimetri,Engineering & Professional Services,"Surveying, Mapping & Geospatial Services","hydrographic survey,"
853,2020005209,GEORAMA KARYA INDONESIA,No classification rule matched,"Pek. Survey UAV LiDAR
Biaya survei lapangan",Engineering & Professional Services,"Surveying, Mapping & Geospatial Services",pemetaan drone.
916,2020010797,HADIRA MEGANTARA,No classification rule matched,"Pekerjaan Injection Dermaga
Pekerjaan Patching Dermaga
Pekerjaan Injection Dermaga Tahap II
Pekerjaan Patching Dermaga Tahap II",Construction Services,Marine & Coastal Works,"dermaga,"
918,2020013950,HADRATUL HAIRIYAH,No classification rule matched,Persiapan,Construction Services,Site Preparation & Demolition,pekerjaan persiapan lokasi.
932,2020008522,HAMIDON H LATIF,No classification rule matched,Jasa Persiapan (JK),Construction Services,Site Preparation & Demolition,pekerjaan persiapan lokasi.
939,2020007757,HARIAN K3,No classification rule matched,Pekerja Harian,Corporate Support Services,Human Resources & Recruitment Services,"manpower outsourcing,"
957,2020013718,HEBSA INDONESIA,No classification rule matched,"Rancangan, Gambar dan Dokumentasi",Engineering & Professional Services,Civil & Structural Engineering,"design review,"
996,2020005423,HUTAMA REKSA ENERGI DUA,No classification rule matched,Solar industri,Utilities and Energy,Fuel Supply,"Solar Industri,"
1002,2020002871,ICHTUS GALA ASIA,No classification rule matched,Maintenence Alat,Equipment & Plant,"Equipment Maintenance, Repair & Overhaul","Preventive maintenance,"
1005,2020008935,IDHAM CHOLID,No classification rule matched,Air Kerja,Utilities and Energy,Water Supply,"Air bersih,"
1015,2020013450,IMAM BUDIANTO,No classification rule matched,Pekerjaan clearing Gedung IGD,Construction Services,Site Preparation & Demolition,Pembersihan lahan
1042,2020013155,INDONESIA COMNETS PLUS,No classification rule matched,SPKLU,Utilities and Energy,Electricity Supply & Distribution,"Pasokan listrik, sambungan, distribusi, metering, dan layanan kelistrikan utilitas."
1050,2010000024,INDRA KARYA (PERSERO),No classification rule matched,"ADD V Pengawas Binlang
ADD V Pengawas Ruas Binlang
ADD VI Pengawas Ruas Binglang",Engineering & Professional Services,Project & Construction Management Consultancy,"supervision,"
1077,2020010126,INTI LAJUNA JAYA,No classification rule matched,Solar industri,Utilities and Energy,Fuel Supply,"Solar Industri,"
1085,2020000729,INTRANUSA SARANA,No classification rule matched,"Pekerja Harian
Amortisasi / catatan alat",Corporate Support Services,Human Resources & Recruitment Services,"manpower outsourcing,"
1098,2020008566,IRWANSYAH,No classification rule matched,Jasa Persiapan (JK),Construction Services,Site Preparation & Demolition,pekerjaan persiapan lokasi.
1110,2020010859,JAKA IRIANTO,No classification rule matched,"Upah Harian Survey
Pembersihan area kerja","Construction Services
Engineering & Professional Services","Site Preparation & Demolition
Surveying, Mapping & Geospatial Services","Pembersihan lahan
Topografi,"
1117,2020012428,JATMIKA ADI SURYABRATA,No classification rule matched,Biaya BGH (Bangunan Gedung Hijau),Engineering & Professional Services,"Environmental, Social & Sustainability Consultancy","ESG,"
1137,2020010161,JENU REKAYASA ALIEFINDO,No classification rule matched,Pekerjaan Interface Jetty Rerouting Pipi,Construction Services,Marine & Coastal Works,"Jetty,"
1183,2020010802,KANIGARA ADHIKARI NUSANTARA,No classification rule matched,Bio Solar,Utilities and Energy,Fuel Supply,"Solar Industri,"
1185,2020013767,KANTOR JASA PENILAI PUBLIK FEB,No classification rule matched,"Jasa Penilaian Aset Bonto Rimba, Makasar
Pemby Pelunasan Gunung Mas Bandung",Corporate Support Services,"Finance, Accounting & Tax Services","Valuation,"
1186,2020014502,KANTOR KONSULTAN AKTUARIA ENNY,No classification rule matched,"Perhitungan Aktuaria Kenaikan PhDP
Perhitungan Aktuaria Kenaikan PhDP Termi",Corporate Support Services,"Finance, Accounting & Tax Services","Valuation,"
1190,2020005701,"KAP DOLI,BAMBANG,SULISTIYANTO,",No classification rule matched,Jasa pembuatan laporan KPPK,Corporate Support Services,"Finance, Accounting & Tax Services",financial reporting.
1192,2020007310,"KAP RINTIS, JUMADI, RIANTO & R",No classification rule matched,"AUP 2023
Perikatan Audit LK HK & LK PUMK 2025
AUP Repack Mar 25 des 25",Corporate Support Services,"Finance, Accounting & Tax Services","audit support,"
1226,2020009670,KAZEE DIGITAL INDONESIA,No classification rule matched,Jasa Layanan Analis Pemberitaan Medmon,Corporate Support Services,"Marketing, Branding & Communication Services","media monitoring, content, dan"
1249,2020000850,KIM MANDIRI ABADI,No classification rule matched,Solar industri,Utilities and Energy,Fuel Supply,"Solar Industri,"
1257,2020013404,KJPP DESMAR SUSANTO SALMAN DAN,No classification rule matched,"KJPP Desmar SS TH1 PT Cempaka Surya
KJPP Desmar SS TH2 PT Cempaka Surya",Corporate Support Services,"Finance, Accounting & Tax Services","Valuation,"
1260,2020012781,KJPP IWAN BACHRON DAN REKAN,No classification rule matched,Pby KJPP Iwan Bachron,Corporate Support Services,"Finance, Accounting & Tax Services","Valuation,"
1262,2020005808,"KJPP TOHA, OKKY, HERU, & REKAN",No classification rule matched,Jasa Konsultasi Valuasi Aset Tanah 2025,Corporate Support Services,"Finance, Accounting & Tax Services","Valuation,"
1263,2020013352,KJPP YUFRIZAL DENY KAMAL DAN R,No classification rule matched,Jasa Penilaian Barang Consumable,Corporate Support Services,"Finance, Accounting & Tax Services","Valuation,"
1277,2020009257,KRAKATAU DAYA LISTRIK,No classification rule matched,(Pg) Embedded Steel,Material Supply,Structural Steel & Metal Products,produk metal lainnya.
1293,2020009424,KUBIK CAKRAWALA INTERNASIONAL,No classification rule matched,"Pelatihan Change Agent Periode 2024
Pelatihan Change Mover Periode 2024
Enrichment Program September 8 org",Corporate Support Services,Training & Professional Development,"Pelatihan teknis/nonteknis, sertifikasi, leadership, e-learning, dan fasilitasi."
1297,2020016015,KURNIATI SAMUDI,No classification rule matched,"Cetak kartu nama BOC
Cetak materi RUPS PT HK TB 2025",Corporate Support Services,"Printing, Document & Records Services","Printing, scanning, archiving, shredding, document control, dan records storage."
1305,2020015793,LAILI,No classification rule matched,Penyelesaian Defect,Construction Services,Specialist Construction Works,rehabilitation.
1326,2020010266,LAW FIRM ARIFIN PRATAMA & PART,No classification rule matched,Pbyrn th1 Arifin pratama prabumulih,Engineering-Profesional Service,Project & Construction Management Consultancy,"project control,"
1334,2020005904,LEMBAGA MANAGEMENT UNIVERSITAS,No classification rule matched,"Brevet AB 21 Peserta
Chatered Financial Analyssis Level 1 202
Brevet C 19 Peserta",Corporate Support Services,Training & Professional Development,"Pelatihan teknis/nonteknis, sertifikasi, leadership, e-learning, dan fasilitasi."
1337,2020013501,LEMBAGA PENGEMBANGAN PERBANKAN,No classification rule matched,"FLMDP Termin 3 Tahun 2024
MMDP Termin 3 Tahun 2024",Corporate Support Services,Training & Professional Development,"Pelatihan teknis/nonteknis, sertifikasi, leadership, e-learning, dan fasilitasi."
1338,2020016105,LEMBAGA PENYELIDIKAN EKONOMI D,No classification rule matched,Kajian Dampak Eko & Sos Ruas Pekdum,Engineering & Professional Services,"Environmental, Social & Sustainability Consultancy","social impact,"
1382,2020011509,M RIZA PERDANA KUSUMA SE,No classification rule matched,Biaya Narasumber MPP,Corporate Support Services,Training & Professional Development,"Pelatihan teknis/nonteknis, sertifikasi, leadership, e-learning, dan fasilitasi."
1395,2020001298,MAGDATAMA KARYA USAHA,No classification rule matched,"Upah Pemasangan Ekspansion Joint
Upah Bobok Ekspansion Joint
Expansion Joint
Sambungan Siar Muai Tipe Strip Seal
Upah Bobok Ekspansion Join",Construction Services,Bridge & Elevated Structure Works,expansion joint
1423,2020009371,MARGANA SADANA ADIWANGSA,No classification rule matched,Penyediaan & Implementasi HCIS 5,Corporate Support Services,Human Resources & Recruitment Services,HR consultancy.
1432,2020014498,MARRY CATURIANI WARISSAM,No classification rule matched,"Instalasi Ruang Genset
Instalasi Genset
Pek. Lapis Rockwool_JK",Equipment & Plant,Power Generation & Temporary Utilities Equipment,"Genset,"
1433,2020012709,MARSONO,No classification rule matched,Upah Persiapan,Construction Services,Site Preparation & Demolition,pekerjaan persiapan lokasi.
1434,2020015526,MARTHEN RIYANDI WIBOWO,No classification rule matched,Fasilitas Pengguna Jasa,Utilities and Energy,Electricity Supply & Distribution,"Pasokan listrik, sambungan, distribusi, metering, dan layanan kelistrikan utilitas."
1485,2020014499,MIMI AGUSTINA,No classification rule matched,Pek. General Cleaning_JK_M2,Corporate Support Services,"Cleaning, Pest Control & Hygiene Services","Cleaning,  sanitasi, washroom service, dan pengelolaan kebersihan."
1491,2020003626,MITRA ANDESIT SEJAHTERA,No classification rule matched,Water Tanker Truck,Utilities and Energy,Water Supply,dan distribusi air.
1518,2020006173,MITRALAB BUANA,No classification rule matched,"Pekerjaan Pemantauan Lingkungan Hidup
Pembersihan area kerja","Construction Services
Engineering & Professional Services","Site Preparation & Demolition
Environmental, Social & Sustainability Consultancy","Pembersihan lahan
biodiversity, dan"
1538,2020010399,MOHAMAD MACHMUD,No classification rule matched,"Upah Harian Logistik
Pembersihan area kerja",Construction Services,Site Preparation & Demolition,Pembersihan lahan
1539,2020007542,UMAR ROHADI,No classification rule matched,"Pek. Kebersihan dan Kerapihan (JK)
Pek. Kebersihan dan Kerapihan",Corporate Support Services,"Cleaning, Pest Control & Hygiene Services","Cleaning,  sanitasi, washroom service, dan pengelolaan kebersihan."
1555,2020013560,MUHAIMIN,No classification rule matched,Pek. Dewatering_JK_LS,Construction Services,Earthworks & Ground Improvement,"dewatering,"
1582,2020010121,MUJIYONO,No classification rule matched,Pembongkaran Bangunan & Pengosongan Laha,Construction Services,Site Preparation & Demolition,"pembongkaran,"
1586,2020014126,MULIAWAN,No classification rule matched,Bathimetri_Muliawan,Engineering & Professional Services,"Surveying, Mapping & Geospatial Services","hydrographic survey,"
1594,2020010328,MULTI UTAMA INDOJASA,No classification rule matched,Solar industri,Utilities and Energy,Fuel Supply,"Solar Industri,"
1617,2020013531,NALURI HIDUP INDONESIA,No classification rule matched,"Employee Well Being Termin 1
Employee Well Being Termin 2
Employee Well Being Termin 3
Employee Well Being Termin 4
Mental Health Advocary Training",Corporate Support Services,Training & Professional Development,"Pelatihan teknis/nonteknis, sertifikasi, leadership, e-learning, dan fasilitasi."
1626,2020013839,NATASYA HESTI MAULIDNA,No classification rule matched,Soil Investigastion,Engineering & Professional Services,Geotechnical & Geological Engineering,"Investigasi tanah,"
1628,2020012056,NAVITAS INDONESIA,No classification rule matched,Mandatory Spare Parts (USD+IDR),Equipment & Plant,"Spare Parts, Tyres & Equipment Consumables","Suku cadang,"
1655,2020011925,NUR KHALIM,No classification rule matched,Pekerjaan Proteksi Lereng,Construction Services,Specialist Construction Works,"strengthening,"
1669,2020006372,NURWADI,No classification rule matched,Upah Harian Survey,Engineering & Professional Services,"Surveying, Mapping & Geospatial Services","Topografi,"
1673,2020010850,NUSA ANTARA JAYATAMA,No classification rule matched,Subkon Jasa Supervisi test dan commision,Engineering & Professional Services,Project & Construction Management Consultancy,"construction management,
supervision,"
1674,2020008115,NUSA BUANA CIPTA,No classification rule matched,RPD - Kons Andal RKL RPL TIP Permai,Engineering & Professional Services,"Environmental, Social & Sustainability Consultancy",perizinan lingkungan.
1680,2020010991,NYOTO PRIYO UTOMO,No classification rule matched,Jasa Persiapan (JK),Construction Services,Site Preparation & Demolition,pekerjaan persiapan lokasi.
1691,2020010369,ORIENTAL CONSULTANTS GLOBAL CO,No classification rule matched,"Kontrak Coreteam Paltung
Add II Pengawas Coreteam Paltung",Engineering & Professional Services,Project & Construction Management Consultancy,"supervision,"
1728,2020001328,PEMERINGKATAN EFEK INDONESIA (,No classification rule matched,Pby Penfindo 2025,Corporate Support Services,"Banking, Insurance & Risk Services","Perbankan, surety, asuransi, broker, risk survey, dan loss adjusting."
1734,2020006477,PERENTJANA DJAJA,No classification rule matched,"Kontrak PMI TIP Pekdum
Addendum V PMI Binjai - Langsa
ADD V PMI Binjai - Pangkalan Brandan
ADD VI PMI Binbran
Add I TIP Pengawas Pekdum
Add VII PMI Binjai - Langsa
Add I Pengawas Paltung Prioritas 1&2
Pengawas Paltung Transisi Prioritas 1&2
Add II Pengawas Paltung Prioritas 1&2
Add III Pengawas Paltung Prioritas 1&2",Engineering & Professional Services,Project & Construction Management Consultancy,"supervision,"
1738,2020013262,PERKUMPULAN AHLI KESELAMATAN K,No classification rule matched,Assessment Personil QHSSE,Corporate Support Services,Human Resources & Recruitment Services,"assessment,"
1744,2020012922,PERSEKUTUAN PERDATA HERDINN CO,No classification rule matched,"Jasa Supervisi Sengketa Pajak PT Bhirawa
Jasa Pendampingan PK Sengketa JORRS ATP","Engineering & Professional Services
Corporate Support Services","Project & Construction Management Consultancy
Finance, Accounting & Tax Services","construction management,
supervision,
Accounting,"
1746,2020011681,PERTAMINA TRAINING & CONSULTIN,No classification rule matched,Pelatihan Protocol Services Okt 15 org,Corporate Support Services,Training & Professional Development,"Pelatihan teknis/nonteknis, sertifikasi, leadership, e-learning, dan fasilitasi."
1750,2020008658,PETRO UTAMA ENERGI,No classification rule matched,Solar industri,Utilities and Energy,Fuel Supply,"Solar Industri,"
1756,2020013519,PILAR AFLAHA SEJAHTERA NUSANTA,No classification rule matched,Pembersihan area kerja,Construction Services,Site Preparation & Demolition,Pembersihan lahan
1764,2020008635,PLN (PERSERO),No classification rule matched,"Biaya Penyambungan Listrik Sepanjang Jal
Relokasi Utilitas PLN Interchange",Utilities and Energy,Electricity Supply & Distribution,"Pasokan listrik, sambungan, distribusi, metering, dan layanan kelistrikan utilitas."
1775,2020011073,PRASETIYA MULYA ELI,No classification rule matched,"Inhouse CBM Business Management 24 Org
Inhouse CBM Financial Management 32 org
CBM General Business Management",Corporate Support Services,Training & Professional Development,"Pelatihan teknis/nonteknis, sertifikasi, leadership, e-learning, dan fasilitasi."
1800,2020013843,PT AGAF GLOBAL KREASINDO,No classification rule matched,PT Agaf Global Kreasindo BA 643-2,Equipment and Plant,,
1801,2020012238,PT AKSARA JUARA NUSANTARA,No classification rule matched,Pelatihan KPI Masterclass,Corporate Support Services,Training & Professional Development,"Pelatihan teknis/nonteknis, sertifikasi, leadership, e-learning, dan fasilitasi."
1805,2020011328,PT ARGHANIAGA PANCATUNGGAL,No classification rule matched,Solar industri,Utilities and Energy,Fuel Supply,"Solar Industri,"
1814,2020004545,PT BINAMAN UTAMA,No classification rule matched,"Kurikulum Berbasis Kompetensi Tahap 2
Asesmen SKD BUMN",Corporate Support Services,Human Resources & Recruitment Services,"assessment,"
1816,2020015289,PT BRINGIN SEJAHTERA MAKMUR PI,No classification rule matched,"Asuransi All Risk 11150111250000000551
Asuransi All Risk 11150103250000000725",Corporate Support Services,"Banking, Insurance & Risk Services","Perbankan, surety, asuransi, broker, risk survey, dan loss adjusting."
1836,2020005207,PT GEOFORCE INDONESIA,No classification rule matched,"INSTRUMEN GEOTEKNIK
Pekerjaan Monitoring Instrumen Geoteknik",Engineering & Professional Services,Geotechnical & Geological Engineering,"Investigasi tanah,"
1853,2020011777,PT JUSTITIA GLOBAL MANDIRI,No classification rule matched,"Sertifikasi Ahli Kontrak Konstruksi
Certified Contract Dafter Batch II 2024",Corporate Support Services,Training & Professional Development,"Pelatihan teknis/nonteknis, sertifikasi, leadership, e-learning, dan fasilitasi."
1857,2020009191,PT KIMIA FARMA DIAGNOSTIKA,No classification rule matched,"Biaya MCU PKWT
MCU Calon Karyawan PKWT 3
MCU Calon Karyawan PKWT 7
MCU Calon Karyawan PKWT 5
Medical Check Up PKWT 8 Peserta
Pembelian Obat Klinik bulan Juni 2024
MCU Calon Karyawan PKWT 9
Medical Check Up PKWT 5 Peserta
MCU Calon PKWT 3 Org
MCU Calon PKWT 11 Org
MCU Calon PKWT Des 25
MCU Calon PKWT 12 Org",Corporate Support Services,Medical & Occupational Health Services,"Klinik, medical check-up, occupational health, ambulance, dan tenaga medis."
1859,2020012290,PT KWARTAPUTRA SENTRA SINDO,No classification rule matched,Pasangan fire stop pada shaft,Construction Services,Specialist Construction Works,"grouting,"
1860,2020012355,PT KWARTAPUTRA SENTRA SINDO,No classification rule matched,Pekerjaan Firestop,Construction Services,Specialist Construction Works,"grouting,"
1893,2020006704,PT REKAYASA GEOTEKNIK INDONESI,No classification rule matched,"Pekerjaan Bore Log
Pek. Soil Investigation_JK_LS",Engineering & Professional Services,Geotechnical & Geological Engineering,"Investigasi tanah,"
1946,2020012518,PT. CITO DIAGNOSTIKA UTAMA,No classification rule matched,"Environmental Monitoring & Report
Pemantauan Lingkungan Hidup",Engineering & Professional Services,"Environmental, Social & Sustainability Consultancy","biodiversity, dan"
1954,2020014054,PT. DISABILITAS KERJA INDONESI,No classification rule matched,Termin 1 Blueprint Karyawan Disabilitas,Corporate Support Services,Human Resources & Recruitment Services,HR consultancy.
1963,2020010393,PT. GLOBAL MULTINDO TEKNOLOGI,No classification rule matched,Jasa Persiapan (JK),Construction Services,Site Preparation & Demolition,pekerjaan persiapan lokasi.
1967,2020012091,PT. HAYYU TIRTA SEJAHTERA,No classification rule matched,Bio Solar,Utilities and Energy,Fuel Supply,"Solar Industri,"
1979,2010000026,PT. KERETA API INDONESIA (PERS,No classification rule matched,"RSP - Pengawasan Jalur KAI II
RSP - Pengawasan Jalur KAI III",Engineering & Professional Services,Project & Construction Management Consultancy,"construction management,
supervision,"
1980,2020012257,PT. KESATRIA NUSA KENCANA,No classification rule matched,Solar industri,Utilities and Energy,Fuel Supply,"Solar Industri,"
1984,2020014539,PT. MANDIRI TANGGUH PERKASA IN,No classification rule matched,"GENSET 100KVA
Generator Set (Genset)",Equipment & Plant,Power Generation & Temporary Utilities Equipment,"Genset,"
2035,2020005005,EFENDI,No classification rule matched,Jasa Air Bersih (JK),Utilities and Energy,Water Supply,"Air bersih,"
2048,2020010904,PT.ELIDA MANDALAHI JAYA,No classification rule matched,Solar industri,Utilities and Energy,Fuel Supply,"Solar Industri,"
2064,2020000573,GEOTECH EFATHAMA,No classification rule matched,"Mob/demob.Alat
Dynamic loading test for Cast-in-place R
Pek. Soil Investigation_JK_LS
Pengujian pada tiang uk/ dia.800 mm Jeni",Engineering & Professional Services,Geotechnical & Geological Engineering,"Investigasi tanah,"
2066,2020012473,PUSAT JASA KEARSIPAN,No classification rule matched,Jasa Pembuatan Pedoman Kearsipan Tingkat,Corporate Support Services,"Printing, Document & Records Services","Printing, scanning, archiving, shredding, document control, dan records storage."
2067,2020010441,PUSDIKLATPASSUS KOPASSUS,No classification rule matched,"Bela Negara PIP 56 Org Termin 1
Bela Negara PIP 56 Org Termin 2
Bela Negara Dasar 83 Orang Termin 1
Bela Negara Dasar 83 Orang Termin 2",Corporate Support Services,Training & Professional Development,"Pelatihan teknis/nonteknis, sertifikasi, leadership, e-learning, dan fasilitasi."
2068,2020009677,PUSDIKZI,No classification rule matched,Pusdikzi angkatan XIX - XX,Corporate Support Services,Training & Professional Development,"Pelatihan teknis/nonteknis, sertifikasi, leadership, e-learning, dan fasilitasi."
2084,2020006653,PUTRI WIRAKANYATAMA,No classification rule matched,Penyambungan,Utilities and Energy,Electricity Supply & Distribution,"Pasokan listrik, sambungan, distribusi, metering, dan layanan kelistrikan utilitas."
2086,2020013149,QAWI MULTI KONSTRUKSI,No classification rule matched,Jasa Pembongakaran Gedung_JK_LS,Construction Services,Site Preparation & Demolition,"pembongkaran,"
2152,2020012503,RISAL,No classification rule matched,Beban Air Kerja,Utilities and Energy,Water Supply,"Air bersih,"
2162,2020006764,RODA NURMALA,No classification rule matched,Pekerjaan Tangki Solar,Utilities and Energy,Fuel Supply,"Fuel storage,"
2220,2020009246,SAMUDRA ARTA BERSAMA,No classification rule matched,Beban Bahan Bakar & Pelumas,Utilities and Energy,"Fuel Supply
Lubricants & Industrial Fluids","Solar Industri,
Oli mesin,"
2298,2020001585,SETIA BUDI,No classification rule matched,Pekerjaan onshore & offshore (tahap 5),Construction Services,Marine & Coastal Works,"Jetty,"
2300,2020011028,SHERLY,No classification rule matched,"Revisi Buku Lesson Learned edisi 2
Produksi Bantal AKHLAK
Pembuatan Lego & Tas Lipat
Kaos AKHLAK
Pin AKHLAK CA 2025",Corporate Support Services,"Marketing, Branding & Communication Services","Branding & advertising,"
2307,2020012403,SILUET NYOMAN NUARTA,No classification rule matched,"Pek. Artwork Garuda Take Off 1
Pek. Artwork Garuda Take Off 2
Pek. Artwork Garuda Take Off 3",Corporate Support Services,"Marketing, Branding & Communication Services","Branding & advertising,"
2334,2020015666,SITI YULIANTI,No classification rule matched,Penyelesaian Defect,Construction Services,Specialist Construction Works,rehabilitation.
2340,2020012022,SOILENS,No classification rule matched,"Dermaga
Pengeboran, termasuk SPT dan Laporan
Soil Invest
Pengujian pada tiang uk/ dia.800 mm Jeni
Pengujian Tanah","Construction Services
Engineering & Professional Services","Marine & Coastal Works
Geotechnical & Geological Engineering","dermaga,
Investigasi tanah,"
2341,2020012827,SOKO GURU ENGINEERING,No classification rule matched,Digital Survey,Engineering & Professional Services,"Surveying, Mapping & Geospatial Services",pemetaan drone.
2425,2020014558,SUNARTO,No classification rule matched,Penyambungan Aliran Listrik (SLO),Utilities and Energy,Electricity Supply & Distribution,"Pasokan listrik, sambungan, distribusi, metering, dan layanan kelistrikan utilitas."
2431,2020012982,SUPARDI,No classification rule matched,"Penyelesaian Defect
Swakelola",Construction Services,Specialist Construction Works,rehabilitation.
2451,2020014547,SURUNG SIANTURI,No classification rule matched,Pendampingan Pegujian Efektifitas ICOFR,Corporate Support Services,"Finance, Accounting & Tax Services","audit support,"
2463,2020009000,SUTRISNO,No classification rule matched,PBR (biaya operasi),Utilities and Energy,Fuel Supply,"Solar Industri,"
2465,2020015119,SUTRISNO,No classification rule matched,"SAMBUNGAN DAYA PLN
PEKERJAAN INSTALASI GENSET",Utilities and Energy,Electricity Supply & Distribution,"Pasokan listrik, sambungan, distribusi, metering, dan layanan kelistrikan utilitas."
2477,2020001784,SUYOTO,No classification rule matched,Pekerja,Corporate Support Services,Human Resources & Recruitment Services,"manpower outsourcing,"
2481,2020013247,SYAFRIANDI,No classification rule matched,Pelatihan Planning & Schedulling,Corporate Support Services,Training & Professional Development,"Pelatihan teknis/nonteknis, sertifikasi, leadership, e-learning, dan fasilitasi."
2492,2020008411,TALENTAMAJU USAHABERSAMA,No classification rule matched,Grouting Strength 450 Kg/Cm2,Construction Services,Specialist Construction Works,"grouting,"
2493,2020001804,TAMAN BUKIT MAS,No classification rule matched,"Bio Solar
Solar industri
Bensin",Utilities and Energy,Fuel Supply,"Solar Industri,"
2507,2020011082,TAUFIK RUSWANDI,No classification rule matched,Pek. Persiapan dan Pek. Normalisasi Akhi,Construction Services,Site Preparation & Demolition,pekerjaan persiapan lokasi.
2509,2020014246,TAUPAN PARIJ NASRULSYAH,No classification rule matched,Pekerjaan Repair / Redoing,Construction Services,Specialist Construction Works,rehabilitation.
2526,2020014238,THRESIA HOSANNA SUMUAL,No classification rule matched,Biaya Katering,Corporate Support Services,Catering & Food Services,"Katering kantor/proyek, canteen management, meal box, dan pantry operation."
2527,2020007372,THYSSENKRUPP INDUSTRIAL SOLUTI,No classification rule matched,"Supervisi Thyssenkrup Polysius PTE, LTD",Engineering & Professional Services,Project & Construction Management Consultancy,"construction management,
supervision,"
2528,2020010247,THYSSENKRUPP INDUSTRIAL SOLUTI,No classification rule matched,Additional Supervisi,Engineering & Professional Services,Project & Construction Management Consultancy,"construction management,
supervision,"
2531,2020010528,TIARA COMPUTINDO MEGAH,No classification rule matched,Solar industri,Utilities and Energy,Fuel Supply,"Solar Industri,"
2557,2020015584,TOTOK SUDIANTO,No classification rule matched,Upah Pek. Shotcrete,Construction Services,Specialist Construction Works,"strengthening,"
2583,2020001894,TUKIMAN,No classification rule matched,Pekerjaan Proteksi Lereng,Construction Services,Specialist Construction Works,"strengthening,"
2584,2020015790,TUKIMAN,No classification rule matched,Pekerjaan Proteksi Lereng,Construction Services,Specialist Construction Works,"strengthening,"
2587,2020003457,TUNAS JAYA CIPTA,No classification rule matched,Subkon Pekerjaan Total,Construction Services,Specialist Construction Works,"Pekerjaan khusus seperti tunnelling,"
2595,2020011600,UD BERSATU,No classification rule matched,Solar industri,Utilities and Energy,Fuel Supply,"Solar Industri,"
2600,2020012393,UJANG SURYANA,No classification rule matched,Solar industri,Utilities and Energy,Fuel Supply,"Solar Industri,"
2604,2020008839,ULTRA DELTA MAJU,No classification rule matched,Mandatory Spare Parts (USD+IDR),Equipment & Plant,"Spare Parts, Tyres & Equipment Consumables","Suku cadang,"
2626,2020013941,VERDIANSYAH,No classification rule matched,Pekerjaan Sondir,Engineering & Professional Services,Geotechnical & Geological Engineering,"Investigasi tanah,"
2647,2020007610,WAHANA PERENCANA PERSADA,No classification rule matched,Biaya Desain Interchange,Engineering & Professional Services,Civil & Structural Engineering,"design review,"
2648,2020011904,WAHANA PERENCANA PERSADA,No classification rule matched,Biaya Desain Interchange,Engineering & Professional Services,Civil & Structural Engineering,"design review,"
2687,2020008927,WILLYANDY SARI,No classification rule matched,"PIN Emas Satya Karya Purnabakti Tahap 1
PIN Emas Satya Karya Purnabakti Tahap 2",Corporate Support Services,"Marketing, Branding & Communication Services","Branding & advertising,"
2691,2020009993,WISESA RAKHA PRATAMA,No classification rule matched,"Video Animasi RWP
Vidio Tutorial Pengelolan Arsip 2025
Pembuatan Video Animasi",Corporate Support Services,"Printing, Document & Records Services","Printing, scanning, archiving, shredding, document control, dan records storage."
2694,2020011776,WULAN MAHARANI,No classification rule matched,Pekerjaan Pets Control HKP Des 2023,Corporate Support Services,"Cleaning, Pest Control & Hygiene Services","pest control,"
2699,2020007698,YASIR PRATIKNO,No classification rule matched,Pembersihan area kerja,Construction Services,Site Preparation & Demolition,Pembersihan lahan
2705,2020007703,YAYASAN PENDIDIKAN&PEMBINAAN M,No classification rule matched,Pelatihan Pengadaan Barang/ Jasa,Corporate Support Services,Training & Professional Development,"Pelatihan teknis/nonteknis, sertifikasi, leadership, e-learning, dan fasilitasi."
2708,2010000045,YODYA KARYA (PERSERO),No classification rule matched,Sub Biaya Personil Pekerjaan Disain,Engineering & Professional Services,Civil & Structural Engineering,"design review,"
2717,2020014241,YUNIYANTO,No classification rule matched,Jasa Air Bersih (JK),Utilities and Energy,Water Supply,"Air bersih,"
2718,2020012511,YUTAN KONSULTAN HUKUM,No classification rule matched,"Pbyrn Tahap 1 Yutan Prosedur
Pbyrn Tahap 2 Yutan Prosedur",Engineering & Professional Services,Project & Construction Management Consultancy,"project control,"
